user_id,platform,item_name,item_category,interaction_type,engagement_score,timestamp
999,YouTube,Gulaabo की अंतिम धमकी | Taarak Mehta Ka Ooltah Chashmah | Comedy Scenes,Entertainment,watched,10,"Apr 18, 2026, 10:37:55 AM GMT+05:30"
999,YouTube,Jetha ने बताई Bapuji को अपनी नकली शादी की कहानी | Taarak Mehta Ka Ooltah Chashmah | Full Episode,Entertainment,watched,10,"Apr 18, 2026, 10:18:02 AM GMT+05:30"
999,YouTube,"Renewed the vows ( mentally😋)

Wearing my 25 years old reception lehenga

This is how we celebrated our 25th wedding anniversary 😅 Making reels and taking pics in hotel 🤣

Photography @khush_photography13
Makeup @makeupbyanchall 
Hair @hairby_nikitaa 
Location @jwmarriottjuhu
Mehandi @_henna_by_taslim_

#25weddinganniversary #weddinganniversary #jennifermistrybansiwal #bobbybansiwal #25thweddinganniversary",AI,watched,10,"Apr 18, 2026, 10:18:02 AM GMT+05:30"
999,YouTube,क्या Jethalal की हो रखी दूसरी शादी? | Taarak Mehta Ka Ooltah Chashmah | Full Episode,Entertainment,watched,10,"Apr 18, 2026, 10:17:58 AM GMT+05:30"
999,YouTube,Square: Find verified properties only on Housing🏠.,Other,watched,10,"Apr 18, 2026, 9:27:17 AM GMT+05:30"
999,YouTube,Anushri Mane & Shravani Solaskar | best friends | tiktok video | question answers | nilu ranji,Other,watched,10,"Apr 18, 2026, 8:34:58 AM GMT+05:30"
999,YouTube,OAI Task2 IND EN Food 16x9 12s,AI,watched,10,"Apr 18, 2026, 8:32:45 AM GMT+05:30"
999,YouTube,Jetha & Friends ने उठाया Samosa-Kachori का लुत्फ़ | Taarak Mehta Ka Ooltah Chashmah | Jetha Jasoos,Other,watched,10,"Apr 18, 2026, 8:31:25 AM GMT+05:30"
999,YouTube,I am back guysss Love you all 💗🎉,Other,watched,10,"Apr 18, 2026, 8:31:18 AM GMT+05:30"
999,YouTube,Jethalal Ne Tappu Ko Kyu Diya Award ! | FULL MOVIE | Taarak Mehta Ka Ooltah Chashmah,Entertainment,watched,10,"Apr 17, 2026, 8:22:46 PM GMT+05:30"
999,YouTube,"ASSI | Promo | Taapsee Pannu, Kani Kusruti | Anubhav, Bhushan | Watch on ZEE5",Other,watched,10,"Apr 17, 2026, 8:03:37 PM GMT+05:30"
999,YouTube,Daya ने परोसा Gada Family को स्वादिष्ट खाना | Taarak Mehta Ka Ooltah Chashmah | Full Episode,Entertainment,watched,10,"Apr 17, 2026, 8:03:35 PM GMT+05:30"
999,YouTube,Product 3,Other,watched,10,"Apr 17, 2026, 7:33:32 PM GMT+05:30"
999,YouTube,"Jetha ने दी Pizza, Burger और French Fries की Party |Taarak Mehta Ka Ooltah Chashmah| Comedy Overdose",Entertainment,watched,10,"Apr 17, 2026, 7:22:51 PM GMT+05:30"
999,YouTube,Daya ने बनाया Jetha की Favorite Dishes |Taarak Mehta Ka Ooltah Chashmah |Gokuldham ki Hasya Kathayen,Other,watched,10,"Apr 17, 2026, 7:22:14 PM GMT+05:30"
999,YouTube,Ragebaiting him is my passion 😂,AI,watched,10,"Apr 17, 2026, 6:10:56 PM GMT+05:30"
999,YouTube,MUSHROOM WINGS BO SSI MIX MID ENG PF D10 VOI 9X16,Other,watched,10,"Apr 17, 2026, 6:10:40 PM GMT+05:30"
999,YouTube,POV: She Didn't Follow Her Dads Rules #prom #dressess #dress #fashion #promdresses #dressootd #ootd,Fashion,watched,10,"Apr 17, 2026, 6:08:56 PM GMT+05:30"
999,YouTube,She can’t hide from me…😏 #shorts #couple #relationship,Other,watched,10,"Apr 17, 2026, 6:08:07 PM GMT+05:30"
999,YouTube,"Clear Aligners @ ₹24,999 | Free Consultation & Free Scanning | No Cost EMIs! | Preferred by Celebs.",Other,watched,10,"Apr 17, 2026, 6:07:50 PM GMT+05:30"
999,YouTube,Foodies On Navratri Fast,Other,watched,10,"Apr 17, 2026, 6:06:59 PM GMT+05:30"
999,YouTube,TRYING CHATOLI GALI FOOD IN LUCKNOW. 😱😱,Other,watched,10,"Apr 17, 2026, 6:06:55 PM GMT+05:30"
999,YouTube,SHALA | S2 - EP22 - Nirop | शाळा - पर्व २ - भाग २२ - निरोप,Other,watched,10,"Apr 17, 2026, 6:05:12 PM GMT+05:30"
999,YouTube,BB x RCB Everything You Need 06 Sec Portrait,AI,watched,10,"Apr 17, 2026, 6:05:06 PM GMT+05:30"
999,YouTube,Lasooni Thecha Paratha !! The queen of all parathas. Super flaky &,Other,watched,10,"Apr 17, 2026, 6:04:58 PM GMT+05:30"
999,YouTube,#shorts Spicy Paneer Paratha Bun #easyrecipes #ashortaday,Other,watched,10,"Apr 17, 2026, 6:00:00 PM GMT+05:30"
999,YouTube,4 Must Try Paratha Recipe | Pyaaz Ka Paratha | Chilli Garlic Cheese Paratha | Corn Cheese Paratha,Other,watched,10,"Apr 17, 2026, 5:58:02 PM GMT+05:30"
999,YouTube,Mix vegetable Paratha 🫓 easy and quick recipe 🤤 #shorts #viral #food #recipe #khana #love #foodie,Other,watched,10,"Apr 17, 2026, 5:57:53 PM GMT+05:30"
999,YouTube,Trending Pyaz Paratha Recipe #onion #recipe #shorts,Other,watched,10,"Apr 17, 2026, 5:57:51 PM GMT+05:30"
999,YouTube,Secret Ingredient BEST PARATHA Recipe 😍,Other,watched,10,"Apr 17, 2026, 5:57:13 PM GMT+05:30"
999,YouTube,Vegetable paratha #vegetableparatha  #paratharecipe #parathas #shorts #youtubeshorts #shortsviral,Other,watched,10,"Apr 17, 2026, 5:56:41 PM GMT+05:30"
999,YouTube,Easy Masala Lachha Paratha #short #lachhaparatha #pakladiesvlog,Other,watched,10,"Apr 17, 2026, 5:56:15 PM GMT+05:30"
999,YouTube,SHALA | S2 - EP21 - Purv Pariksha | शाळा - पर्व २ - भाग २१ - पूर्व परीक्षा,Other,watched,10,"Apr 17, 2026, 5:38:14 PM GMT+05:30"
999,YouTube,SUPERPOSITION THEOREM SOLVED PROBLEMS 1 IN ELECTRICAL ENGINEERING  @TIKLESACADEMY,Other,watched,10,"Apr 17, 2026, 2:33:50 PM GMT+05:30"
999,YouTube,Product 2,Other,watched,10,"Apr 17, 2026, 2:33:44 PM GMT+05:30"
999,YouTube,Shortened: 9x16 9,Other,watched,10,"Apr 17, 2026, 2:33:40 PM GMT+05:30"
999,YouTube,A ₹1 deal just for you. Get all essentials delivered at your doorstep.,Other,watched,10,"Apr 17, 2026, 2:33:01 PM GMT+05:30"
999,YouTube,"Cashify- Bechoge Nahi, To Phekoge Feat. Rajkummar Rao- 20 sec",Other,watched,10,"Apr 17, 2026, 2:11:47 PM GMT+05:30"
999,YouTube,LEARN KVL in just 12 Min with shortcut ( Kirchoff Voltage Law),Other,watched,10,"Apr 17, 2026, 2:04:47 PM GMT+05:30"
999,YouTube,Google One | Aapki Digital Life Ka Storage,Other,watched,10,"Apr 17, 2026, 2:04:41 PM GMT+05:30"
999,YouTube,Short Trick To Apply KCL with Ohm's Law | Nodal Analysis | Kirchhoff's Laws #kvl #kcl #iitjeephysics,Other,watched,10,"Apr 17, 2026, 2:04:06 PM GMT+05:30"
999,YouTube,Google One | आपकी डिजिटल लाइफ़ का स्टोरेज,Other,watched,10,"Apr 17, 2026, 2:03:27 PM GMT+05:30"
999,YouTube,Ruchika bhabhi is goated 🔥❤️ @triggeredinsaan  #liveinsaan #shorts,Other,watched,10,"Apr 16, 2026, 8:58:17 PM GMT+05:30"
999,YouTube,Hyping the bride on her most awaited dayy❤️,AI,watched,10,"Apr 16, 2026, 8:57:57 PM GMT+05:30"
999,YouTube,What’s Faster ? MAKING OR ORDERING Steamed Chicken Momos 😱😱,Other,watched,10,"Apr 16, 2026, 8:57:10 PM GMT+05:30"
999,YouTube,POV: Stranger Tries To Give Prom Advice#prom #dressess #fashion #dressootd #dress #promdresses #ootd,Fashion,watched,10,"Apr 16, 2026, 8:55:26 PM GMT+05:30"
999,YouTube,😂VIRAL 1 to 10 challenge with my husband! Google guy lost? #googleguy #ytshorts,Other,watched,10,"Apr 16, 2026, 8:54:05 PM GMT+05:30"
999,YouTube,😍Testing our COMPATIBILITY : Cute couple edition! #coupleshorts #shorts,Other,watched,10,"Apr 16, 2026, 8:52:51 PM GMT+05:30"
999,YouTube,SHALA | S2 - EP21 - Purv Pariksha | शाळा - पर्व २ - भाग २१ - पूर्व परीक्षा,Other,watched,10,"Apr 16, 2026, 7:58:53 PM GMT+05:30"
999,YouTube,Cadbury Fuse | Doli (6seconds),Other,watched,10,"Apr 16, 2026, 7:58:47 PM GMT+05:30"
999,YouTube,SHALA | S2 - EP20 - Shivajayanti | शाळा - पर्व २ - भाग २० - शिवजयंती,Other,watched,10,"Apr 16, 2026, 7:33:17 PM GMT+05:30"
999,YouTube,Living on Rs 1000 for 24 HOURS Challenge | Food Challenge,Other,watched,10,"Apr 16, 2026, 7:06:55 PM GMT+05:30"
999,YouTube,🔥 Turn Up The Heat: Hot & Spicy Schezwan Fries Are Here!,Other,watched,10,"Apr 16, 2026, 7:06:35 PM GMT+05:30"
999,YouTube,SHALA | S2 - EP19 - Valentine Day | शाळा - पर्व २ - भाग १९ - व्हॅलेंटाईन डे,Other,watched,10,"Apr 16, 2026, 6:57:43 PM GMT+05:30"
999,YouTube,Square: Find verified properties only on Housing🏠.,Other,watched,10,"Apr 16, 2026, 6:33:41 PM GMT+05:30"
999,YouTube,Trying Every State's Food To Find The Best 🔥🔥,Other,watched,10,"Apr 16, 2026, 6:33:07 PM GMT+05:30"
999,YouTube,Episode 898 - Taarak Mehta Ka Ooltah Chashmah - Full Episode | तारक मेहता का उल्टा चश्मा,Entertainment,watched,10,"Apr 16, 2026, 5:52:13 PM GMT+05:30"
999,YouTube,A ₹1 deal just for you. Get all essentials delivered at your doorstep.,Other,watched,10,"Apr 16, 2026, 5:49:53 PM GMT+05:30"
999,YouTube,Indians on Sunday | Chole Bhature Lovers | Every Delhiite,Other,watched,10,"Apr 16, 2026, 5:44:38 PM GMT+05:30"
999,YouTube,Episode 898 - Taarak Mehta Ka Ooltah Chashmah - Full Episode | तारक मेहता का उल्टा चश्मा,Entertainment,watched,10,"Apr 15, 2026, 11:27:15 PM GMT+05:30"
999,YouTube,Amazon | Budget Tech x Fashion | Hindi,Technology,watched,10,"Apr 15, 2026, 11:21:03 PM GMT+05:30"
999,YouTube,Episode 897 - Taarak Mehta Ka Ooltah Chashmah - Full Episode | तारक मेहता का उल्टा चश्मा,Entertainment,watched,10,"Apr 15, 2026, 11:07:46 PM GMT+05:30"
999,YouTube,Episode 896 - Taarak Mehta Ka Ooltah Chashmah - Full Episode | तारक मेहता का उल्टा चश्मा,Entertainment,watched,10,"Apr 15, 2026, 11:02:08 PM GMT+05:30"
999,YouTube,SHALA | S2 - EP18 - Happy Birthday | शाळा - पर्व २ - भाग १८ - हॅपी बर्थडे,Other,watched,10,"Apr 15, 2026, 11:00:09 PM GMT+05:30"
999,YouTube,SHALA | S2 - EP17 - 26 January | शाळा - पर्व २ - भाग १७ - २६ जानेवारी,Other,watched,10,"Apr 15, 2026, 9:20:47 PM GMT+05:30"
999,YouTube,😎 Smart papa ki pari 😂😛 | Part 22 | Vimal Gupta | #funnyvideos #panipuri #papakipari #comedy,Entertainment,watched,10,"Apr 15, 2026, 9:18:31 PM GMT+05:30"
999,YouTube,ek cricketer slaves jo ipl khelta hui usne massage kiya tha.😂😄 pranit more. |,Other,watched,10,"Apr 15, 2026, 9:17:31 PM GMT+05:30"
999,YouTube,Complete Task to Find Out #funnyshorts #ytshorts #shorts,Entertainment,watched,10,"Apr 15, 2026, 9:17:14 PM GMT+05:30"
999,YouTube,Customer ne ki order cancel ki request #cloudkitchen,Other,watched,10,"Apr 15, 2026, 9:16:29 PM GMT+05:30"
999,YouTube,OG vs. NEW Rice Style! Jasmine Rice Comparison ft. #thakursisters #foodchallenge #shorts,Other,watched,10,"Apr 15, 2026, 9:15:27 PM GMT+05:30"
999,YouTube,POV: Rude Customer Gives MASSIVE Tip  #prom #dressess #fashion #promdresses #dressootd #dress #ootd,Fashion,watched,10,"Apr 15, 2026, 9:13:40 PM GMT+05:30"
999,YouTube,Guess my Number with Google Guy!🙈#quiz #couplegames #trivia,Other,watched,10,"Apr 15, 2026, 9:13:19 PM GMT+05:30"
999,YouTube,"Revealing my BIGGEST INSECURITY, My WEIGHT to the internet! #weightloss #vaishnavithakur",AI,watched,10,"Apr 15, 2026, 9:11:42 PM GMT+05:30"
999,YouTube,Shortened: Find ready to move in homes easily on Housing.🏠,Other,watched,10,"Apr 15, 2026, 7:29:41 PM GMT+05:30"
999,YouTube,SHALA | S2 - EP16 - Miss You | शाळा - पर्व २ - भाग १६ - मिस यु,Other,watched,10,"Apr 15, 2026, 7:12:56 PM GMT+05:30"
999,YouTube,SHALA | S2 - EP15 - Lovestory | शाळा - पर्व २ - भाग १५ - लव्ह - स्टोरी,Other,watched,10,"Apr 15, 2026, 7:04:49 PM GMT+05:30"
999,YouTube,Wet and joy with my cutiess!🤌🏻🩷.....#trending #explore #besties #cutiess#traveling,Other,watched,10,"Apr 15, 2026, 7:04:40 PM GMT+05:30"
999,YouTube,https://www.flipkart.com/clo/~cs-rie3lbmm4m/pr?sid=clo&collection-tab-name=Kurtis+Dress+materials&pageCriteria=default&p%5B%5D=facets.price_range.from%3DMin&p%5B%5D=facets.price_range.to%3D299&sort=recency_desc?&cmpid=content_appretar_ytpa_partnership_inapp_google&https://www.flipkart.com/arb/~cs-yr52lstyii/pr?sid=arb&collection-tab-name=hhlowasp&pageCriteria=default?&cmpid=content_appretar_ytpa_partnership_inapp_google&&cmpid=content_23279607974_gmc_pla&gad_source=2&gad_campaignid=23279607974,AI,watched,10,"Apr 15, 2026, 6:35:48 PM GMT+05:30"
999,YouTube,Viral Kurta Palazzo  Set| Flipkart Haul|,Other,watched,10,"Apr 15, 2026, 6:35:35 PM GMT+05:30"
999,YouTube,SHALA | S2 - EP14 - Class | शाळा - पर्व २ - भाग १४ - क्लास,Other,watched,10,"Apr 15, 2026, 6:21:11 PM GMT+05:30"
999,YouTube,Join Google One | More storage + backup,Other,watched,10,"Apr 15, 2026, 6:20:58 PM GMT+05:30"
999,YouTube,Positive Vibes 🧿🔮📿 at Shubh Gems,Other,watched,10,"Apr 15, 2026, 6:15:05 PM GMT+05:30"
999,YouTube,SHALA | S2 - EP13 - Palayan | शाळा - पर्व २ - भाग १३ - पलायन,Other,watched,10,"Apr 15, 2026, 6:07:48 PM GMT+05:30"
999,YouTube,OAI FebVideographer India UC3 1x1,AI,watched,10,"Apr 15, 2026, 6:07:42 PM GMT+05:30"
999,YouTube,Google One | Aapki Digital Life Ka Storage,Other,watched,10,"Apr 15, 2026, 6:04:41 PM GMT+05:30"
999,YouTube,SHALA | S2 - EP12 - 31st December | शाळा - पर्व 2 - भाग १२ - ३१ डिसेंबर,Other,watched,10,"Apr 15, 2026, 6:02:39 PM GMT+05:30"
999,YouTube,SHALA | S2 - EP12 - 31st December | शाळा - पर्व 2 - भाग १२ - ३१ डिसेंबर,Other,watched,10,"Apr 14, 2026, 11:16:05 PM GMT+05:30"
999,YouTube,SHALA | S2 - EP11 | Sahal | शाळा - पर्व 2 - भाग ११ - सहल,Other,watched,10,"Apr 14, 2026, 10:59:18 PM GMT+05:30"
999,YouTube,SHALA | S2 - EP10 | Pandu | शाळा - पर्व 2 - भाग १० - पांडू,Other,watched,10,"Apr 14, 2026, 10:40:34 PM GMT+05:30"
999,YouTube,Google One | Aapki Digital Life Ka Storage,Other,watched,10,"Apr 14, 2026, 10:24:07 PM GMT+05:30"
999,YouTube,SHALA | S2 - EP9 | Sorry | शाळा - पर्व 2 - भाग ९ - सॉरी,Other,watched,10,"Apr 14, 2026, 10:17:12 PM GMT+05:30"
999,YouTube,009 1225 GetInspiredOnGroups Crafts GLOBAL Acq EN UAC 1920x1080 21s Null FB M0 267,Other,watched,10,"Apr 14, 2026, 10:17:07 PM GMT+05:30"
999,YouTube,Ludo King Portrait Themes,AI,watched,10,"Apr 14, 2026, 10:17:00 PM GMT+05:30"
999,YouTube,Join Google One | More storage,Other,watched,10,"Apr 14, 2026, 10:13:33 PM GMT+05:30"
999,YouTube,Nimrit Kaur ki leather skirt bahut sunder emotional hai for me✨ #nimritkaur #flipkart,AI,watched,10,"Apr 14, 2026, 10:07:53 PM GMT+05:30"
999,YouTube,SHALA | S2 - EP8 | Chuk-Bhul | शाळा - पर्व 2 - भाग ८ - चूक - भूल,Other,watched,10,"Apr 14, 2026, 10:01:34 PM GMT+05:30"
999,YouTube,CL-V251210-5_2025-12-23_13-34-27.mp4,Other,watched,10,"Apr 14, 2026, 10:01:15 PM GMT+05:30"
999,YouTube,Join Google One | More storage + backup,Other,watched,10,"Apr 14, 2026, 9:54:32 PM GMT+05:30"
999,YouTube,SHALA | S1 - EP7 | Turning Point  | शाळा - पर्व १ - भाग ७ - टर्निंग पॉईंट | मराठी वेब सिरीज,Other,watched,10,"Apr 14, 2026, 9:53:10 PM GMT+05:30"
999,YouTube,SHALA | S1 - EP6 | Prem..? | शाळा - पर्व १ - भाग ६ - प्रेम...? | मराठी वेब सिरीज,Other,watched,10,"Apr 14, 2026, 9:50:48 PM GMT+05:30"
999,YouTube,Shortened: Kya karega Aghora Neel ke saath? | Mahagatha | Pocket FM,Other,watched,10,"Apr 14, 2026, 9:50:42 PM GMT+05:30"
999,YouTube,LK 1051,Other,watched,10,"Apr 14, 2026, 9:50:37 PM GMT+05:30"
999,YouTube,Google One | Aapki Digital Life Ka Storage,Other,watched,10,"Apr 14, 2026, 9:31:28 PM GMT+05:30"
999,YouTube,Mom Daughter twinning outfits| Mom and baby girl twinning dresses| Flipkart Haul|,Fashion,watched,10,"Apr 14, 2026, 9:24:47 PM GMT+05:30"
999,YouTube,New Snickers Peanut Brownie,Other,watched,10,"Apr 14, 2026, 9:24:32 PM GMT+05:30"
999,YouTube,39.mp4,Other,watched,10,"Apr 14, 2026, 9:17:48 PM GMT+05:30"
999,YouTube,SHALA | S1 - EP5 | Nikal | शाळा - पर्व १ - भाग ५ - निकाल | मराठी वेब सिरीज | Marathi webseries,Entertainment,watched,10,"Apr 14, 2026, 9:09:55 PM GMT+05:30"
999,YouTube,Shani - Confidence Hook 6 seconder (Inf) 16x9- 0:08- 17/02,Other,watched,10,"Apr 14, 2026, 9:09:50 PM GMT+05:30"
999,YouTube,"SHALA | S1 - EP3 | ""Te"" Pustak | शाळा - पर्व १ - भाग ३ - ""ते"" पुस्तक | मराठी वेब सिरीज",Other,watched,10,"Apr 14, 2026, 9:03:41 PM GMT+05:30"
999,YouTube,https://ad.doubleclick.net/searchads/link/click?lid=58700008900342323&ds_a_cid=6905154668&ds_a_caid=22609152458&ds_a_agid=&ds_a_fiid=&ds_a_lid=&ds_a_extid=&&ds_e_adid=&ds_e_matchtype=&ds_e_device=m&ds_e_network=x&&ds_url_v=2&ds_dest_url=https://one.google.com/about/plans?utm_source=g1&utm_medium=paid_media&utm_campaign=storage&gclsrc=aw.ds&gad_source=2&gad_campaignid=22609163186,AI,watched,10,"Apr 14, 2026, 9:03:37 PM GMT+05:30"
999,YouTube,Google One | Aapki Digital Life Ka Storage,Other,watched,10,"Apr 14, 2026, 9:03:31 PM GMT+05:30"
999,YouTube,"Hey Kay Navin? | Snippets | Marathi ZEE5 Original | Priya Bapat, Umesh Kamat | Pre 31st Mar",Other,watched,10,"Apr 14, 2026, 8:59:27 PM GMT+05:30"
999,YouTube,Product 3,Other,watched,10,"Apr 14, 2026, 8:53:51 PM GMT+05:30"
999,YouTube,SHALA | S1 - EP2 | Chithhi | शाळा - पर्व १ - भाग २ - चिठ्ठी | मराठी वेब सिरीज | Marathi webseries,Entertainment,watched,10,"Apr 14, 2026, 8:48:54 PM GMT+05:30"
999,YouTube,SHALA | S1 - EP1 Shalecha Pahila Divas | शाळा - पर्व १ - भाग १ - शाळेचा पहिला दिवस | मराठी वेब सिरीज,Other,watched,10,"Apr 14, 2026, 8:48:48 PM GMT+05:30"
999,YouTube,Main Nahi Toh Kaun Be by Royal Challenge Packaged Drinking Water #ChooseBold,AI,watched,10,"Apr 14, 2026, 8:48:11 PM GMT+05:30"
999,YouTube,Episode 896 - Taarak Mehta Ka Ooltah Chashmah - Full Episode | तारक मेहता का उल्टा चश्मा,Entertainment,watched,10,"Apr 14, 2026, 8:44:40 PM GMT+05:30"
999,YouTube,"Flipkart 2+✨""Festive Kurta Sets"" l Affordable festive wear|anarkali Kurta Sets| #flipkart #unboxing",Other,watched,10,"Apr 14, 2026, 8:42:48 PM GMT+05:30"
999,YouTube,Episode 895 - Taarak Mehta Ka Ooltah Chashmah - Full Episode | तारक मेहता का उल्टा चश्मा,Entertainment,watched,10,"Apr 14, 2026, 8:35:25 PM GMT+05:30"
999,YouTube,Shortened: Find Verified Properties only on Housing🏠,Other,watched,10,"Apr 14, 2026, 8:35:19 PM GMT+05:30"
999,YouTube,MakeMyTrip Glasses Clanking 1920x1080 4,Other,watched,10,"Apr 14, 2026, 8:35:12 PM GMT+05:30"
999,YouTube,Price Drop Auto 16x9,Other,watched,10,"Apr 14, 2026, 4:23:49 PM GMT+05:30"
999,YouTube,AJIO Sale is Live!,Other,watched,10,"Apr 14, 2026, 4:23:43 PM GMT+05:30"
999,YouTube,Get energy drinks in 10 mins,Other,watched,10,"Apr 14, 2026, 4:16:49 PM GMT+05:30"
999,YouTube,Shortened: Veg Mode Dal 1x1 b,Other,watched,10,"Apr 14, 2026, 4:16:41 PM GMT+05:30"
999,YouTube,3 piece set!!🤯Just wow!!🫶🏻🥰 #ytshorts #flipkarthaul #ethnic #ethnicfashion #grwm,Fashion,watched,10,"Apr 14, 2026, 4:13:33 PM GMT+05:30"
999,YouTube,Square: Find verified properties only on Housing🏠.,Other,watched,10,"Apr 14, 2026, 4:07:15 PM GMT+05:30"
999,YouTube,Shortened: 1080X1920,Other,watched,10,"Apr 14, 2026, 4:07:08 PM GMT+05:30"
999,YouTube,Episode 894 - Taarak Mehta Ka Ooltah Chashmah - Full Episode | तारक मेहता का उल्टा चश्मा,Entertainment,watched,10,"Apr 14, 2026, 3:55:29 PM GMT+05:30"
999,YouTube,OAI Task2 IND EN Food 16x9 18s,AI,watched,10,"Apr 14, 2026, 3:51:57 PM GMT+05:30"
999,YouTube,Shortened: Party Wear Kurta Sets 😍👌 #flipkart #kurti #shorts #ytshortsindia #myntra #meesho #short,Other,watched,10,"Apr 14, 2026, 3:45:23 PM GMT+05:30"
999,YouTube,Episode 893 - Taarak Mehta Ka Ooltah Chashmah - Full Episode | तारक मेहता का उल्टा चश्मा,Entertainment,watched,10,"Apr 14, 2026, 3:39:08 PM GMT+05:30"
999,YouTube,Episode 892 - Taarak Mehta Ka Ooltah Chashmah - Full Episode | तारक मेहता का उल्टा चश्मा,Entertainment,watched,10,"Apr 14, 2026, 1:48:48 PM GMT+05:30"
999,YouTube,Google AI Plus,AI,watched,10,"Apr 14, 2026, 1:48:13 PM GMT+05:30"
999,YouTube,OAI ICC ImageGen UseCase4 9x16 HINDI,AI,watched,10,"Apr 14, 2026, 1:42:02 PM GMT+05:30"
999,YouTube,Price Drop Cab 16x9,Other,watched,10,"Apr 14, 2026, 1:36:23 PM GMT+05:30"
999,YouTube,Google AI Plus,AI,watched,10,"Apr 14, 2026, 1:31:18 PM GMT+05:30"
999,YouTube,NU Footwear Comp 9x16 6sec,Other,watched,10,"Apr 14, 2026, 1:31:11 PM GMT+05:30"
999,YouTube,Episode 891 - Taarak Mehta Ka Ooltah Chashmah - Full Episode | तारक मेहता का उल्टा चश्मा,Entertainment,watched,10,"Apr 14, 2026, 1:18:12 PM GMT+05:30"
999,YouTube,OAI Task2 IND HIN Food 16x9 18s,AI,watched,10,"Apr 14, 2026, 1:17:03 PM GMT+05:30"
999,YouTube,OAI FebVideographer India UC1 1x1,AI,watched,10,"Apr 14, 2026, 1:16:49 PM GMT+05:30"
999,YouTube,An Exciting Career That Requires No Programming Skills,Technology,watched,10,"Apr 14, 2026, 11:50:39 AM GMT+05:30"
999,YouTube,Be part of Mesa's next cohort,Other,watched,10,"Apr 14, 2026, 11:44:53 AM GMT+05:30"
999,YouTube,मराठी शाळा -Back to School | Marathi Shala | Epi.20 - Nirop | भाग 20 - निरोप,Other,watched,10,"Apr 14, 2026, 11:44:41 AM GMT+05:30"
999,YouTube,0413 4,Other,watched,10,"Apr 14, 2026, 10:51:36 AM GMT+05:30"
999,YouTube,Shortened: Veg Mode Dal 16x9 b,Other,watched,10,"Apr 14, 2026, 10:38:21 AM GMT+05:30"
999,YouTube,मराठी शाळा -Back to School | Marathi Shala | Epi.19 - Visvas | भाग 19 - विश्वास,Other,watched,10,"Apr 14, 2026, 10:25:06 AM GMT+05:30"
999,YouTube,Discover the joy of making new friends. Download Vibely today!,Other,watched,10,"Apr 14, 2026, 10:22:48 AM GMT+05:30"
999,YouTube,Break pe sirf KitKat break! (20 sec),Other,watched,10,"Apr 14, 2026, 10:22:27 AM GMT+05:30"
999,YouTube,A ₹1 deal just for you. Get all essentials delivered at your doorstep.,Other,watched,10,"Apr 14, 2026, 10:22:23 AM GMT+05:30"
999,YouTube,मराठी शाळा -Back to School | Marathi Shala | Epi.18 premrog | भाग 18 प्रेमरोग,Other,watched,10,"Apr 14, 2026, 12:34:55 AM GMT+05:30"
999,YouTube,मराठी शाळा -Back to School | Marathi Shala | Epi.17 Chapter | भाग 17 धडा,Other,watched,10,"Apr 14, 2026, 12:19:15 AM GMT+05:30"
999,YouTube,मराठी शाळा -Back to School | Marathi Shala | Epi.16 Love | भाग 16 प्रेम,Other,watched,10,"Apr 14, 2026, 12:10:28 AM GMT+05:30"
999,YouTube,Living on Rs 250 for 24 HOURS Challenge | LUDHIANA Food Challenge,Other,watched,10,"Apr 14, 2026, 12:02:47 AM GMT+05:30"
999,YouTube,One Sided Love Short Film | Friendships Hindi Short Movies | Content Ka Keeda,Entertainment,watched,10,"Apr 14, 2026, 12:01:10 AM GMT+05:30"
999,YouTube,मराठी शाळा -Back to School | Marathi Shala | Epi.16 Love | भाग 16 प्रेम,Other,watched,10,"Apr 13, 2026, 11:49:38 PM GMT+05:30"
999,YouTube,UG Program at Mesa School,Other,watched,10,"Apr 13, 2026, 11:41:47 PM GMT+05:30"
999,YouTube,मराठी शाळा -Back to School | Marathi Shala | Epi.15 Paij | भाग 15 पैज,AI,watched,10,"Apr 13, 2026, 11:41:01 PM GMT+05:30"
999,YouTube,All you need is some dark chocolate & milk 🥛 ☕️,Other,watched,10,"Apr 13, 2026, 11:05:24 PM GMT+05:30"
999,YouTube,dairy milk hot chocolate milk| hot chocolate milk| milkshake #shorts #youtubeshorts,AI,watched,10,"Apr 13, 2026, 11:04:25 PM GMT+05:30"
999,YouTube,Hot Chocolate | Chocolate drink recipe #shortsfeed #youtubeshorts,Other,watched,10,"Apr 13, 2026, 11:04:04 PM GMT+05:30"
999,YouTube,HOT Chocolate Recipe 🤎 🍫 #shorts #hotchocolaterecipe #chocolatelove #chocolatedrink #chocolaterecipe,Other,watched,10,"Apr 13, 2026, 11:03:35 PM GMT+05:30"
999,YouTube,OAI FebVideographer India UC1 9x16,AI,watched,10,"Apr 13, 2026, 10:05:20 PM GMT+05:30"
999,YouTube,मराठी शाळा -Back to School | Marathi Shala | Epi.14 - Badali | भाग 14 - बदली,Other,watched,10,"Apr 13, 2026, 10:01:56 PM GMT+05:30"
999,YouTube,मराठी शाळा -Back to School | Marathi Shala | Epi.13 - Teachers Day | भाग 13 - शिक्षक दिन,Other,watched,10,"Apr 13, 2026, 9:31:43 PM GMT+05:30"
999,YouTube,मराठी शाळा -Back to School | Marathi Shala | Epi.12 - Sahal | भाग 12-  सहल,Other,watched,10,"Apr 13, 2026, 7:44:07 PM GMT+05:30"
999,YouTube,मराठी शाळा -Back to School | Marathi Shala | Epi.11 - Pustak | भाग 11-  पुस्तक,Other,watched,10,"Apr 13, 2026, 7:27:26 PM GMT+05:30"
999,YouTube,Google One | आपकी डिजिटल लाइफ़ का स्टोरेज,Other,watched,10,"Apr 13, 2026, 7:23:04 PM GMT+05:30"
999,YouTube,मराठी शाळा -Back to School | Marathi Shala | Epi.10 - Premach Ganiti | भाग 10- प्रेमाचं गणित,Other,watched,10,"Apr 13, 2026, 7:19:18 PM GMT+05:30"
999,YouTube,Shortened: Play For The Yellove,Other,watched,10,"Apr 13, 2026, 6:05:03 PM GMT+05:30"
999,YouTube,मराठी शाळा -Back to School | Marathi Shala | Epi.09 - Manachi Shrimanti | भाग 09 - मनाची श्रीमंती,Other,watched,10,"Apr 13, 2026, 5:53:37 PM GMT+05:30"
999,YouTube,Break pe sirf KitKat break! (20 sec),Other,watched,10,"Apr 13, 2026, 5:46:28 PM GMT+05:30"
999,YouTube,मराठी शाळा -Back to School | Marathi Shala | Epi.08 - Crush | भाग 8 - क्रश,Other,watched,10,"Apr 13, 2026, 5:41:23 PM GMT+05:30"
999,YouTube,https://chatgpt.com/?mode=default&prompt=I%27m%20craving%20super%20spicy%20pani%20puri.%20How%20can%20I%20make%20it%20from%20scratch%3F&utm_source=google&utm_medium=programmatic&utm_campaign=GOOG_C_PSD_DGN_Core_CHT_SEA_ACQ_PER_CTX_WEB_APAC_IN_EN_101425&utm_content=GOOG_C_PSD_DGN_Core_CHT_SEA_ACQ_PER_CTX_WEB_APAC_IN_EN_101425&c_id=23097792617&c_agid=186847963139&c_crid=778150297169&gad_source=2&gad_campaignid=23097792617,AI,watched,10,"Apr 13, 2026, 5:41:09 PM GMT+05:30"
999,YouTube,OAI Task2 IND EN Food 16x9 18s,AI,watched,10,"Apr 13, 2026, 5:41:05 PM GMT+05:30"
999,YouTube,मराठी शाळा -Back to School | Marathi Shala | Epi.07 - Gammat| भाग 7- गंमत,Other,watched,10,"Apr 13, 2026, 5:31:45 PM GMT+05:30"
999,YouTube,मराठी शाळा -Back to School | Marathi Shala | Epi.07 - Gammat| भाग 7- गंमत,Other,watched,10,"Apr 12, 2026, 11:42:24 PM GMT+05:30"
999,YouTube,मराठी शाळा -Back to School | Marathi Shala | Epi.06 - Dosti | भाग 6- दोस्ती,Other,watched,10,"Apr 12, 2026, 11:30:25 PM GMT+05:30"
999,YouTube,मराठी शाळा -Back to School | Marathi Shala | Epi.05- June Mitra | भाग 5- जुने मित्र,Other,watched,10,"Apr 12, 2026, 7:51:22 PM GMT+05:30"
999,YouTube,मराठी शाळा -Back to School | Marathi Shala | Epi.04- Shikvan | भाग 4- शिकवण,Other,watched,10,"Apr 12, 2026, 7:39:20 PM GMT+05:30"
999,YouTube,मराठी शाळा -Back to School | Marathi Shala | Epi.03- Athavan | भाग 3- आठवण,Other,watched,10,"Apr 12, 2026, 7:06:16 PM GMT+05:30"
999,YouTube,Break pe sirf KitKat break! (20 sec),Other,watched,10,"Apr 12, 2026, 7:05:51 PM GMT+05:30"
999,YouTube,मराठी शाळा -Back to School | Marathi Shala | Epi.02- School Love | भाग 2- शाळेतील प्रेम,Other,watched,10,"Apr 12, 2026, 6:48:54 PM GMT+05:30"
999,YouTube,Google One | आपकी डिजिटल लाइफ़ का स्टोरेज,Other,watched,10,"Apr 12, 2026, 6:48:49 PM GMT+05:30"
999,YouTube,मराठी शाळा - Back to School |Marathi Shala | Epi.01 Punha Shala | भाग १-पुन्हा शाळा,Other,watched,10,"Apr 12, 2026, 6:43:35 PM GMT+05:30"
999,YouTube,Cadbury Silk At The Museum,Other,watched,10,"Apr 12, 2026, 6:43:29 PM GMT+05:30"
999,YouTube,COLLEGE WEBSERIES | EPISODE 28 | LOVE LOCHA | ASHISH SHRAVANI | VIRAL ZONE PRODUCTION |,Entertainment,watched,10,"Apr 12, 2026, 6:39:21 PM GMT+05:30"
999,YouTube,Maggie Bhel Chat #food #cooking #asmr #shorts #streetfood @yummyhunt,Other,watched,10,"Apr 12, 2026, 6:18:48 PM GMT+05:30"
999,YouTube,Maggie Bhel 👌 #shorts #asmr #asmrsounds #asmrfood #snacksrecipe #nirmlanehrarecipes,AI,watched,10,"Apr 12, 2026, 6:18:01 PM GMT+05:30"
999,YouTube,Spicy Maggi Bhel Chaat - Perfect Snack Recipe🥵🌶️,Other,watched,10,"Apr 12, 2026, 6:17:40 PM GMT+05:30"
999,YouTube,MAGGI BHEL RECIPE #ashortaday #recipe #shorts #shortvideo,Other,watched,10,"Apr 12, 2026, 6:17:34 PM GMT+05:30"
999,YouTube,market://details?id=story.tv.drama.reels,AI,watched,10,"Apr 12, 2026, 5:33:31 PM GMT+05:30"
999,YouTube,Story TV - Watch Short Dramas,Other,watched,10,"Apr 12, 2026, 5:33:30 PM GMT+05:30"
999,YouTube,COLLEGE WEBSERIES | EPISODE 27 | GAIRSAMAJ | ASHISH SHRAVANI | VIRAL ZONE PRODUCTION | गैरसमज,AI,watched,10,"Apr 12, 2026, 5:28:50 PM GMT+05:30"
999,YouTube,Google One | आपकी डिजिटल लाइफ़ का स्टोरेज,Other,watched,10,"Apr 12, 2026, 5:28:43 PM GMT+05:30"
999,YouTube,market://details?id=in.hanafintech,Technology,watched,10,"Apr 12, 2026, 5:28:37 PM GMT+05:30"
999,YouTube,PayRupik Instant Personal Loan,Other,watched,10,"Apr 12, 2026, 5:28:37 PM GMT+05:30"
999,YouTube,Product 3,Other,watched,10,"Apr 12, 2026, 5:23:38 PM GMT+05:30"
999,YouTube,Shani - Confidence Hook 6 seconder (Inf) 16x9- 0:08- 17/02,Other,watched,10,"Apr 12, 2026, 5:23:30 PM GMT+05:30"
999,YouTube,COLLEGE WEBSERIES | EPISODE 26 | PHONE CALL | ASHISH SHRAVANI | VIRAL ZONE PRODUCTION | फ़ोन कॉल,Entertainment,watched,10,"Apr 12, 2026, 5:19:52 PM GMT+05:30"
999,YouTube,COLLEGE WEBSERIES | EPISODE 25 | BIRTHDAY RADA | ASHISH SHRAVANI | VIRAL ZONE PRODUCTION |,Entertainment,watched,10,"Apr 12, 2026, 5:19:44 PM GMT+05:30"
999,YouTube,Google One | आपकी डिजिटल लाइफ़ का स्टोरेज,Other,watched,10,"Apr 12, 2026, 5:19:32 PM GMT+05:30"
999,YouTube,Shortened: Mashallah Dupatta best quality @Meesho @flipkart @myntra,Other,watched,10,"Apr 12, 2026, 4:53:23 PM GMT+05:30"
999,YouTube,Girls After Marriage,Other,watched,10,"Apr 12, 2026, 4:53:22 PM GMT+05:30"
999,YouTube,Bread Roll Recipe😍 Day 2 Of Street Food Recipe Series #shorts #viral,Entertainment,watched,10,"Apr 12, 2026, 4:53:19 PM GMT+05:30"
999,YouTube,Sisters who share everything 🥹💗 #ruchikarathore #shorts #shortsfeed @triggeredinsaan,Other,watched,10,"Apr 12, 2026, 4:52:39 PM GMT+05:30"
999,YouTube,COLLEGE WEBSERIES | EPISODE 23 | HANAMARI | ASHISH SHRAVANI | VIRAL ZONE PRODUCTION | हाणामारी,Entertainment,watched,10,"Apr 12, 2026, 4:33:36 PM GMT+05:30"
999,YouTube,COLLEGE WEBSERIES | EPISODE 22 | love Triangle | ASHISH SHRAVANI | VIRAL ZONE PRODUCTION | भाग 22,Entertainment,watched,10,"Apr 12, 2026, 4:24:47 PM GMT+05:30"
999,YouTube,COLLEGE WEBSERIES | EPISODE 21 | MAFI | ASHISH SHRAVANI | VIRAL ZONE PRODUCTION | भाग 21 |,Entertainment,watched,10,"Apr 12, 2026, 2:35:23 PM GMT+05:30"
999,YouTube,COLLEGE WEBSERIES | EPISODE 20 | PASCHATAP | ASHISH SHRAVANI | VIRAL ZONE PRODUCTION | भाग 20 |,Entertainment,watched,10,"Apr 12, 2026, 2:35:18 PM GMT+05:30"
999,YouTube,Ep 1112 - Taarak Mehta Ka Ooltah Chashmah - Full Episode | तारक मेहता का उल्टा चश्मा,Entertainment,watched,10,"Apr 12, 2026, 1:52:47 PM GMT+05:30"
999,YouTube,"Jeere Mein Heera, Rimzim Jeera",Other,watched,10,"Apr 12, 2026, 1:52:40 PM GMT+05:30"
999,YouTube,Best Time to Buy and Sell a Stock II - Leetcode 122 - Python,Technology,watched,10,"Apr 12, 2026, 12:02:23 PM GMT+05:30"
999,YouTube,Ep 1111 - Taarak Mehta Ka Ooltah Chashmah - Full Episode | तारक मेहता का उल्टा चश्मा,Entertainment,watched,10,"Apr 12, 2026, 11:54:50 AM GMT+05:30"
999,YouTube,Find verified properties only on Housing🏠.,Other,watched,10,"Apr 12, 2026, 11:54:41 AM GMT+05:30"
999,YouTube,🕊️🦚,Other,watched,10,"Apr 12, 2026, 11:54:18 AM GMT+05:30"
999,YouTube,Shortened: AD 5 Aap kisi bhi coach 16x9,Other,watched,10,"Apr 12, 2026, 11:43:23 AM GMT+05:30"
999,YouTube,AI_CH_AI714_UV_16x9.mp4,AI,watched,10,"Apr 12, 2026, 11:35:54 AM GMT+05:30"
999,YouTube,DSA in Python Course - Leetcode 189: Right Rotate an Array by K Places - Part 29 [Hindi],Technology,watched,25,"Apr 12, 2026, 11:29:25 AM GMT+05:30"
999,YouTube,PY AG VS09 AG 16 9,Other,watched,10,"Apr 12, 2026, 11:29:18 AM GMT+05:30"
999,YouTube,DSA in Python Course - Right Rotate an Array by One Place - Part 28 [Hindi] | Code & Debug,Technology,watched,25,"Apr 12, 2026, 11:19:31 AM GMT+05:30"
999,YouTube,What is ParakeetAI? Explained 🖥️🦜,AI,watched,20,"Apr 12, 2026, 11:18:36 AM GMT+05:30"
999,YouTube,Find ready to move in homes easily on Housing.🏠,Other,watched,10,"Apr 12, 2026, 11:00:50 AM GMT+05:30"
999,YouTube,FY25Q3 CC Individual CCIAllApps in en Interoperability VID 1920x1080,Other,watched,10,"Apr 12, 2026, 10:53:16 AM GMT+05:30"
999,YouTube,Ep 1110 - Taarak Mehta Ka Ooltah Chashmah - Full Episode | तारक मेहता का उल्टा चश्मा,Entertainment,watched,10,"Apr 12, 2026, 10:47:32 AM GMT+05:30"
999,YouTube,Ep 1109 - Taarak Mehta Ka Ooltah Chashmah - Full Episode | तारक मेहता का उल्टा चश्मा,Entertainment,watched,10,"Apr 12, 2026, 10:46:02 AM GMT+05:30"
999,YouTube,Chicken Dum Biryani Recipe | स्वादिष्ट चिकन दम बिरयानी | Chef Sanjyot Keer,Other,watched,10,"Apr 12, 2026, 10:38:11 AM GMT+05:30"
999,YouTube,Chicken Biryani | ULTIMATE Chicken Biryani recipe,Other,watched,10,"Apr 12, 2026, 10:37:19 AM GMT+05:30"
999,YouTube,How to make the best easiest one pot mixed chicken biryani #recipe #easyrecipe y,Other,watched,10,"Apr 12, 2026, 10:37:14 AM GMT+05:30"
999,YouTube,Chicken Dum Biryani Recipe😍 #shorts #biryani #viralvideo,Other,watched,10,"Apr 12, 2026, 10:36:26 AM GMT+05:30"
999,YouTube,Product 2,Other,watched,10,"Apr 12, 2026, 12:25:03 AM GMT+05:30"
999,YouTube,"Shortened: मेरे घर का मन्दिर, New design Mandir, new home Temple review.",Other,watched,10,"Apr 12, 2026, 12:06:39 AM GMT+05:30"
999,YouTube,Ep 1108 - Taarak Mehta Ka Ooltah Chashmah - Full Episode | तारक मेहता का उल्टा चश्मा,Entertainment,watched,10,"Apr 11, 2026, 11:55:44 PM GMT+05:30"
999,YouTube,Ep 1107 - Taarak Mehta Ka Ooltah Chashmah - Full Episode | तारक मेहता का उल्टा चश्मा,Entertainment,watched,10,"Apr 11, 2026, 11:37:37 PM GMT+05:30"
999,YouTube,Ep 1106 - Taarak Mehta Ka Ooltah Chashmah - Full Episode | तारक मेहता का उल्टा चश्मा,Entertainment,watched,10,"Apr 11, 2026, 11:20:22 PM GMT+05:30"
999,YouTube,Privacy Display: Galaxy S26 Ultra | Samsung,Other,watched,10,"Apr 11, 2026, 11:07:49 PM GMT+05:30"
999,YouTube,OAI Task2 IND HIN Food 16x9 12s,AI,watched,10,"Apr 11, 2026, 11:01:25 PM GMT+05:30"
999,YouTube,Ep 1185 - Taarak Mehta Ka Ooltah Chashmah - Full Episode | तारक मेहता का उल्टा चश्मा,Entertainment,watched,10,"Apr 11, 2026, 10:57:02 PM GMT+05:30"
999,YouTube,How’s everyone doing! China 🇨🇳 trip is coming to an end! Time to go back home for a bit before next travel 🧳,Other,watched,10,"Apr 11, 2026, 10:56:18 PM GMT+05:30"
999,YouTube,थोड़ा Indian थोड़ा International - किसका Fusion होगा Best? | MasterChef India | Ep 11 | Full Episode,Entertainment,watched,10,"Apr 11, 2026, 8:59:43 PM GMT+05:30"
999,YouTube,Drive with Confidence | Hyundai EXTER | Drive to Shine,AI,watched,10,"Apr 11, 2026, 8:59:26 PM GMT+05:30"
999,YouTube,Google AI Plus,AI,watched,10,"Apr 11, 2026, 2:09:17 PM GMT+05:30"
999,YouTube,Reacting to Ruchika and My Old Photos & Love Story (25 Million Special),Other,watched,10,"Apr 11, 2026, 1:51:24 PM GMT+05:30"
999,YouTube,https://blinkit.com/le/beauty_store?utm_source=google&utm_medium=cpc&utm_campaign=23601364263&utm_content=&utm_term=&gad_source=2&gad_campaignid=23606915996,AI,watched,10,"Apr 11, 2026, 11:55:45 AM GMT+05:30"
999,YouTube,Foxtale's Play On Summer Sale,Other,watched,10,"Apr 11, 2026, 11:45:29 AM GMT+05:30"
999,YouTube,"Arranged Couple | E09 - Pati, Patni aur Paisa Ft. Srishti Shrivastava & Harman Singha | Girliyapa",AI,watched,10,"Apr 11, 2026, 11:39:28 AM GMT+05:30"
999,YouTube,Skincare products get delivered to your door with Instamart,Fashion,watched,10,"Apr 11, 2026, 11:39:26 AM GMT+05:30"
999,YouTube,Square: MakeMyTrip | Travel Booking made easy,Other,watched,10,"Apr 11, 2026, 11:39:19 AM GMT+05:30"
999,YouTube,POV: When Your Mom Always Knows Best  #prom #dressess #dress #promdresses #fashion #ootd #dressootd,Fashion,watched,10,"Apr 11, 2026, 11:38:22 AM GMT+05:30"
999,YouTube,#flipkart #flipkartfashion #flipkartfinds #ootd #viralshort #ootdguide #fashion,Fashion,watched,20,"Apr 11, 2026, 11:38:21 AM GMT+05:30"
999,YouTube,How Were Our Questions THE SAME?🤣 #shorts #couple #funny #cute #comedy #relationship,Entertainment,watched,10,"Apr 11, 2026, 11:38:21 AM GMT+05:30"
999,YouTube,Did you notice Ruchika's mom? 🥹💗 #ruchikarathore #shorts #shortsfeed @triggeredinsaan,Other,watched,10,"Apr 11, 2026, 11:37:58 AM GMT+05:30"
999,YouTube,This is so cute 😍  via - lillie.martin3/tiktok,Other,watched,10,"Apr 11, 2026, 10:57:10 AM GMT+05:30"
999,YouTube,Luxury Glitter Lips Start Here 💎| Pilgrim Dubai Bling Glitter Lipstick,AI,watched,10,"Apr 11, 2026, 10:57:09 AM GMT+05:30"
999,YouTube,How many steps to get up the stairs!,AI,watched,10,"Apr 11, 2026, 10:57:00 AM GMT+05:30"
999,YouTube,my weekly GROCERY order from BLINKIT!🛒 #minivlog,Other,watched,10,"Apr 11, 2026, 10:56:56 AM GMT+05:30"
999,YouTube,EN_CU0382_ALT717_9_16.mp4,Other,watched,10,"Apr 11, 2026, 10:56:54 AM GMT+05:30"
999,YouTube,Throwing challenge no. 9! This one was such a struggle 😅,Other,watched,10,"Apr 11, 2026, 10:55:25 AM GMT+05:30"
999,YouTube,Devrani VS Jethani In Navratri,Other,watched,10,"Apr 11, 2026, 10:54:25 AM GMT+05:30"
999,YouTube,Shortened: Mashallah Dupatta best quality @Meesho @flipkart @myntra,Other,watched,10,"Apr 11, 2026, 10:54:24 AM GMT+05:30"
999,YouTube,Game of Lies (Part 19),Other,watched,10,"Apr 11, 2026, 10:53:35 AM GMT+05:30"
999,YouTube,Can you guess 🤔❤️ @triggeredinsaan  #liveinsaan #shorts,Other,watched,10,"Apr 11, 2026, 10:52:54 AM GMT+05:30"
999,YouTube,Brand DOVE DESIRE FOR BLINKIT 16x9 01,Other,watched,10,"Apr 11, 2026, 10:47:26 AM GMT+05:30"
999,YouTube,Daily Lipbalms BO SS BPC MID ENG PF D10 BGM 1x1,AI,watched,10,"Apr 11, 2026, 10:46:52 AM GMT+05:30"
999,YouTube,POV: Stranger Changes Her Mind Last Minute  #prom #dressess #fashion #dressootd #promdresses #dress,Fashion,watched,10,"Apr 11, 2026, 9:59:07 AM GMT+05:30"
999,YouTube,Am I Losing my Hair 🤯😶‍🌫️ #shorts #prank #comedy,AI,watched,10,"Apr 11, 2026, 9:59:06 AM GMT+05:30"
999,YouTube,BTS Rockettes Dance Telephone,Other,watched,10,"Apr 11, 2026, 9:58:56 AM GMT+05:30"
999,YouTube,😱Google guy’s SURPRISE dance performance on our sangeet! #googleguy #couple #shorts,Other,watched,10,"Apr 11, 2026, 9:58:02 AM GMT+05:30"
999,YouTube,Square: Find verified properties only on Housing🏠.,Other,watched,10,"Apr 11, 2026, 9:46:25 AM GMT+05:30"
999,YouTube,Arranged Couple | E08 - Pyaar In Public Ft. Srishti Shrivastava & Harman Singha | Girliyapa,Other,watched,10,"Apr 11, 2026, 9:43:47 AM GMT+05:30"
999,YouTube,Arranged Couple | E07 - Honeymoon Period Over? Ft. Srishti Shrivastava & Harman Singha | Girliyapa,Other,watched,10,"Apr 11, 2026, 9:43:32 AM GMT+05:30"
999,YouTube,Arranged Couple | E06 - Mate For Each Other Ft. Srishti Shrivastava & Harman Singha | Girliyapa,Other,watched,10,"Apr 11, 2026, 9:43:27 AM GMT+05:30"
999,YouTube,Arranged Couple | E05 - Love Vs Arranged Ft. Srishti Shrivastava & Harman Singha | Girliyapa,Other,watched,10,"Apr 11, 2026, 9:41:16 AM GMT+05:30"
999,YouTube,"Hey Kay Navin? | Trailer | Marathi ZEE5 Original | Priya Bapat, Umesh Kamat | Pre 31st Mar",AI,watched,10,"Apr 11, 2026, 9:41:09 AM GMT+05:30"
999,YouTube,Lachha Paneer Paratha Recipe😍 #shorts #trending #viralvideo #paratha,Other,watched,10,"Apr 10, 2026, 8:03:39 PM GMT+05:30"
999,YouTube,Lets Make *Ekdum Spicy Peri Peri Paneer Paratha*🔥🔥 #Shorts #Paratha #PeriPeri #PaneerParatha,Other,watched,10,"Apr 10, 2026, 8:02:19 PM GMT+05:30"
999,YouTube,https://www.youtube.com/watch?v=e3pkoJiz-uI,Other,watched,10,"Apr 10, 2026, 7:36:34 PM GMT+05:30"
999,YouTube,"What's the BEST Tech Career in 2026 ? | High Paying, Growth & Stability",Technology,watched,10,"Apr 10, 2026, 6:56:53 PM GMT+05:30"
999,YouTube,PGP in Applied AI & Agentic Systems,AI,watched,10,"Apr 10, 2026, 6:56:35 PM GMT+05:30"
999,YouTube,Richik 199 Paid Funnel Jan B1 Script 1 Reel,AI,watched,10,"Apr 10, 2026, 11:23:31 AM GMT+05:30"
999,YouTube,Introduction to Linked Lists in Python | Real-Life Example | Memory Allocation - Part 55 [Hindi],Technology,watched,10,"Apr 10, 2026, 5:52:59 AM GMT+05:30"
999,YouTube,DSA in Python Course - Leetcode 141: Linked List Cycle | Floyd’s Cycle Detection - Part 59 [Hindi],Technology,watched,25,"Apr 10, 2026, 5:52:52 AM GMT+05:30"
999,YouTube,DSA in Python - Combination Sum II | Recursion & Backtracking | Leetcode 40 - Part 76 [Hindi],Technology,watched,10,"Apr 10, 2026, 5:52:32 AM GMT+05:30"
999,YouTube,Data Science Bootcamp using Python,Technology,watched,10,"Apr 10, 2026, 5:52:23 AM GMT+05:30"
999,YouTube,The Best Language for DSA 👨‍💻,Other,watched,10,"Apr 10, 2026, 5:49:43 AM GMT+05:30"
999,YouTube,Richik RSR Workshop Oct B1 Script 4,Other,watched,10,"Apr 10, 2026, 5:43:53 AM GMT+05:30"
999,YouTube,Shortened: Still Not Using AI? Learn in just 2 Days | Harsh Goela #AI #stockmarket #trending,AI,watched,10,"Apr 10, 2026, 5:36:12 AM GMT+05:30"
999,YouTube,DSA in Python Course - Leetcode 53: Find the Maximum Subarray Sum - Part 36 [Hindi] | Code & Debug,Technology,watched,25,"Apr 10, 2026, 5:34:09 AM GMT+05:30"
999,YouTube,DSA in Python Course - Selection Sort in Python - Part 19 [Hindi] | Code & Debug,Technology,watched,25,"Apr 10, 2026, 5:31:47 AM GMT+05:30"
999,YouTube,"""Engineering Impact""",Other,watched,10,"Apr 10, 2026, 5:31:37 AM GMT+05:30"
999,YouTube,Maggi Veg Atta Noodles | Marathi,Other,watched,10,"Apr 10, 2026, 5:31:35 AM GMT+05:30"
999,YouTube,DSA in Python Course - Reverse an Array Using Recursion - Part 16 [Hindi] | Code & Debug,Technology,watched,25,"Apr 10, 2026, 5:30:46 AM GMT+05:30"
999,YouTube,DSA Python Course 2025 - What is Functional Recursion? - Part 14 [Hindi] | Code & Debug,Technology,watched,25,"Apr 10, 2026, 5:29:38 AM GMT+05:30"
999,YouTube,DSA Python Course 2025 - Recursion Using Parameters - Part 13 [Hindi] | Code & Debug,Technology,watched,25,"Apr 10, 2026, 5:28:53 AM GMT+05:30"
999,YouTube,DSA Python Course 2025 - Introduction to Recursion Concept - Part 12 [Hindi] | Code & Debug,Technology,watched,25,"Apr 10, 2026, 5:28:29 AM GMT+05:30"
999,YouTube,Data Science VS Machine Learning VS Artificial Intelligence,AI,watched,10,"Apr 10, 2026, 5:28:21 AM GMT+05:30"
999,YouTube,Arranged Couple | E05 - Love Vs Arranged Ft. Srishti Shrivastava & Harman Singha | Girliyapa,Other,watched,10,"Apr 9, 2026, 10:00:45 PM GMT+05:30"
999,YouTube,Google One | आपकी डिजिटल लाइफ़ का स्टोरेज,Other,watched,10,"Apr 9, 2026, 9:51:23 PM GMT+05:30"
999,YouTube,Crop/Trim of YTgoogle changes with X ray,Other,watched,10,"Apr 9, 2026, 8:42:24 PM GMT+05:30"
999,YouTube,UG Program at Mesa School,Other,watched,10,"Apr 9, 2026, 8:27:00 PM GMT+05:30"
999,YouTube,"Jeere Mein Heera, Rimzim Jeera",Other,watched,10,"Apr 9, 2026, 8:21:44 PM GMT+05:30"
999,YouTube,"Taarak Mehta Ka Ooltah Chashmah | तारक मेहता का उल्टा चश्मा | Episode 598 | 21st September, 2020",Entertainment,watched,10,"Apr 9, 2026, 7:58:23 PM GMT+05:30"
999,YouTube,26q1 dd cx Google dp sup Lyft Messaging 2 ev affordability DashPass Evergreen v4 video 1200x1200 15,Other,watched,10,"Apr 9, 2026, 7:57:34 PM GMT+05:30"
999,YouTube,Saito09 funny video 😂😂😂 #shorts,AI,watched,10,"Apr 9, 2026, 7:52:43 PM GMT+05:30"
999,YouTube,She’s my mammy👩🏻 #shorts #couple #relationship,Other,watched,10,"Apr 9, 2026, 7:50:44 PM GMT+05:30"
999,YouTube,whoops,Other,watched,10,"Apr 9, 2026, 7:49:45 PM GMT+05:30"
999,YouTube,Do not miss the End! 😉,Other,watched,10,"Apr 9, 2026, 7:49:19 PM GMT+05:30"
999,YouTube,Your Bank Balance is Drowning,Other,watched,10,"Apr 9, 2026, 7:49:14 PM GMT+05:30"
999,YouTube,POV: Sales Girl Judges The Wrong Customer #prom #dressess #dress #fashion #promdresses #ootd,Fashion,watched,10,"Apr 9, 2026, 7:46:43 PM GMT+05:30"
999,YouTube,Time for him to learn Chinese🤔 #shorts #couple #relationship,Other,watched,10,"Apr 9, 2026, 7:43:07 PM GMT+05:30"
999,YouTube,smoked paneer tikka roll 🐣,Other,watched,10,"Apr 9, 2026, 7:42:07 PM GMT+05:30"
999,YouTube,Arranged Couple | E04 - We Need To Talk Ft. Srishti Shrivastava & Harman Singha | Girliyapa,Other,watched,10,"Apr 9, 2026, 5:50:46 PM GMT+05:30"
999,YouTube,Richik 199 Paid Funnel Jan B1 Script 1 Reel,AI,watched,10,"Apr 9, 2026, 5:50:39 PM GMT+05:30"
999,YouTube,Arranged Couple | E03 - The Climax Ft. Srishti Shrivastava & Harman Singha | Girliyapa,Other,watched,10,"Apr 9, 2026, 5:32:57 PM GMT+05:30"
999,YouTube,Shortened: Sharara set from Flipkart 🤩 #flipkart #fashion #flipkartdress #onlineshopping #underbudge,Fashion,watched,10,"Apr 9, 2026, 5:32:51 PM GMT+05:30"
999,YouTube,Abu Dhabi में मिला Contestants को Challenge | MasterChef India | Full Episode,Entertainment,watched,10,"Apr 9, 2026, 5:27:32 PM GMT+05:30"
999,YouTube,Google AI Plus,AI,watched,10,"Apr 9, 2026, 5:27:23 PM GMT+05:30"
999,YouTube,Find verified properties only on Housing🏠.,Other,watched,10,"Apr 9, 2026, 5:23:38 PM GMT+05:30"
999,YouTube,Join Google One | More storage + backup,Other,watched,10,"Apr 9, 2026, 5:17:27 PM GMT+05:30"
999,YouTube,I Didn’t Believe In God Until This … | Korean Maggi Recipe | @sosaute  #shorts,Other,watched,10,"Apr 9, 2026, 4:48:25 PM GMT+05:30"
999,YouTube,https://ad.doubleclick.net/searchads/link/click?lid=58700008900342323&ds_a_cid=6905154668&ds_a_caid=22609152458&ds_a_agid=&ds_a_fiid=&ds_a_lid=&ds_a_extid=&&ds_e_adid=&ds_e_matchtype=&ds_e_device=m&ds_e_network=x&&ds_url_v=2&ds_dest_url=https://one.google.com/about/plans?utm_source=g1&utm_medium=paid_media&utm_campaign=storage&gclsrc=aw.ds&gad_source=2&gad_campaignid=22609163186,AI,watched,10,"Apr 9, 2026, 4:17:25 PM GMT+05:30"
999,YouTube,Home Cooks ने बनाया Arab Cuisine | MasterChef India | Full Episode,Entertainment,watched,10,"Apr 9, 2026, 4:06:04 PM GMT+05:30"
999,YouTube,Keep it Réal with RÉAL ACTIV COCONUT WATER | 20 Sec | Marathi,Other,watched,10,"Apr 9, 2026, 3:36:16 PM GMT+05:30"
999,YouTube,My Russian Girlfriend Short Film | Parents and Girlfriend Hindi Short Movie | Content Ka Keeda,Entertainment,watched,10,"Apr 9, 2026, 3:26:12 PM GMT+05:30"
999,YouTube,Moneyview Se Paisa Toh Rukna Kaisa! 🚀 - Download Moneyview App.,AI,watched,10,"Apr 9, 2026, 3:26:06 PM GMT+05:30"
999,YouTube,Square: MakeMyTrip | Travel Booking made easy,Other,watched,10,"Apr 9, 2026, 3:25:59 PM GMT+05:30"
999,YouTube,"Hey Kay Navin? | Snippets | Marathi ZEE5 Original | Priya Bapat, Umesh Kamat | Pre 31st Mar",Other,watched,10,"Apr 9, 2026, 3:10:52 PM GMT+05:30"
999,YouTube,Shani - Confidence Hook 6 seconder (Inf) 16x9- 0:08- 17/02,Other,watched,10,"Apr 9, 2026, 3:10:45 PM GMT+05:30"
999,YouTube,A ₹1 deal just for you. Get all essentials delivered at your doorstep.,Other,watched,10,"Apr 9, 2026, 12:19:03 PM GMT+05:30"
999,YouTube,Shortened: 👆Video Link | Flipkart Festive wear kurta sets,Other,watched,10,"Apr 9, 2026, 11:59:24 AM GMT+05:30"
999,YouTube,Shortened: Find ready to move in homes easily on Housing.🏠,Other,watched,10,"Apr 9, 2026, 11:40:02 AM GMT+05:30"
999,YouTube,What is your Girlfriend Body Count Short Film | Hindi Motivational Movie | Content Ka Keeda,Entertainment,watched,10,"Apr 9, 2026, 11:28:14 AM GMT+05:30"
999,YouTube,🇰🇷24 HOURS KOREAN STREET FOOD CHALLENGE in Busan,Other,watched,10,"Apr 9, 2026, 11:26:33 AM GMT+05:30"
999,YouTube,Shortened: Flipkart Partywear Affordable Kurtasets  #saree #karwachauth #festival #viral #shorts #tr,Other,watched,10,"Apr 9, 2026, 11:25:30 AM GMT+05:30"
999,YouTube,I Tried Every STREET FOOD Stall In Lucknow To Find The Best 😱😱,Other,watched,10,"Apr 9, 2026, 10:54:46 AM GMT+05:30"
999,YouTube,Pasta Toing - Final - 16_9.mp4,Other,watched,10,"Apr 9, 2026, 10:54:39 AM GMT+05:30"
999,YouTube,Ep 1805 - Flats Ki Renovation | Taarak Mehta Ka Ooltah Chashmah | Full Episode | तारक मेहता,Entertainment,watched,10,"Apr 9, 2026, 10:50:24 AM GMT+05:30"
999,YouTube,A ₹1 deal just for you. Get all essentials delivered at your doorstep.,Other,watched,10,"Apr 9, 2026, 10:50:16 AM GMT+05:30"
999,YouTube,Shortened: Link upar screen pr h 👆🏻 flipkart ke suits #kurtaset #suits #flipkart,Other,watched,10,"Apr 9, 2026, 10:46:53 AM GMT+05:30"
999,YouTube,धनराज को सबक सिखाने के लिए Popatlal ने बदला भेष | Taarak Mehta Ka Ooltah Chashmah | Bhide Ki Comedy,Entertainment,watched,10,"Apr 9, 2026, 10:39:39 AM GMT+05:30"
999,YouTube,26q1 dd cx Google dp sup Lyft Messaging 2 ev affordability DashPass Evergreen v5 video 960x1200 15 n,Other,watched,10,"Apr 9, 2026, 10:39:28 AM GMT+05:30"
999,YouTube,Arranged Couple | E02 - Your Place Or Mine Ft. Srishti Shrivastava & Harman Singha | Girliyapa,Other,watched,10,"Apr 9, 2026, 10:29:42 AM GMT+05:30"
999,YouTube,"Hey Kay Navin? | Trailer | Marathi ZEE5 Original | Priya Bapat, Umesh Kamat | Pre 31st Mar",AI,watched,10,"Apr 9, 2026, 10:03:07 AM GMT+05:30"
999,YouTube,Arranged Couple | E01 - First Night Ft. Srishti Shrivastava & Harman Singha | Girliyapa,Other,watched,10,"Apr 9, 2026, 9:52:00 AM GMT+05:30"
999,YouTube,Google One | आपकी डिजिटल लाइफ़ का स्टोरेज,Other,watched,10,"Apr 9, 2026, 9:51:50 AM GMT+05:30"
999,YouTube,Communication Gap बना Dish की Failure की वजह | MasterChef India | Ep 31 | Full Episode,AI,watched,10,"Apr 9, 2026, 9:44:37 AM GMT+05:30"
999,YouTube,Polaroid photo editing tutorial 🤩🥳|detailed video uploaded in my channel #editingvideo #polaroids,AI,watched,20,"Apr 9, 2026, 8:16:58 AM GMT+05:30"
999,YouTube,DIY cute wall decoration 🌱🌈🌿,Other,watched,10,"Apr 9, 2026, 8:12:53 AM GMT+05:30"
999,YouTube,Room decor ideas🙃💙🌀,Other,watched,10,"Apr 9, 2026, 8:12:40 AM GMT+05:30"
999,YouTube,How to make ribbon bows 🎀 easy tutorial for Christmas 🎄 #hacks #diy #tutorial,Education,watched,20,"Apr 9, 2026, 8:12:00 AM GMT+05:30"
999,YouTube,how to make a ribbon bow 🎀#diy #ribbonbows #ribbon #decoration #decorationideas #decorative #like,Other,watched,10,"Apr 9, 2026, 8:11:40 AM GMT+05:30"
999,YouTube,Communication Gap बना Dish की Failure की वजह | MasterChef India | Ep 31 | Full Episode,AI,watched,10,"Apr 8, 2026, 8:57:35 PM GMT+05:30"
999,YouTube,The law of attraction,Other,watched,10,"Apr 8, 2026, 6:12:45 PM GMT+05:30"
999,YouTube,क्या Priyanka-Nayan की जोड़ी Exact Same Dish बनाने में होगी कामयाब? |MasterChef India S7 | Throwback,Other,watched,10,"Apr 8, 2026, 5:39:01 PM GMT+05:30"
999,YouTube,Richik Free Funnel Feb B1 Script 3,Other,watched,10,"Apr 8, 2026, 8:03:24 AM GMT+05:30"
999,YouTube,Google AI Plus,AI,watched,10,"Apr 8, 2026, 7:58:12 AM GMT+05:30"
999,YouTube,DSA Python Course 2025 - Introduction to Recursion Concept - Part 12 [Hindi] | Code & Debug,Technology,watched,25,"Apr 8, 2026, 7:53:15 AM GMT+05:30"
999,YouTube,DSA Python Course 2025 - Introduction to Hashing in Python - Part 11 [Hindi] | Code & Debug,Technology,watched,25,"Apr 8, 2026, 7:53:10 AM GMT+05:30"
999,YouTube,DevOps vs. SRE vs. Cloud Engineer vs. Platform Engineer,Other,watched,10,"Apr 8, 2026, 7:53:04 AM GMT+05:30"
999,YouTube,Mudit Webinar Ad 5(1).mp4,Other,watched,10,"Apr 8, 2026, 7:49:07 AM GMT+05:30"
999,YouTube,DSA Python Course 2025 - Store Frequency in Dictionary - Part 10 [Hindi] | Code & Debug,Technology,watched,25,"Apr 8, 2026, 7:43:02 AM GMT+05:30"
999,YouTube,Q425 Instructor Paid D Munoz 1x1 15,AI,watched,10,"Apr 8, 2026, 7:42:55 AM GMT+05:30"
999,YouTube,Alumni Stories | C Sharaschandra | Certification Program in Applied Generative AI and Agentic AI,AI,watched,10,"Apr 8, 2026, 7:36:04 AM GMT+05:30"
999,YouTube,FDE Academy | Building Engineers for Real-World AI,AI,watched,10,"Apr 8, 2026, 7:29:49 AM GMT+05:30"
999,YouTube,May 10 2024 Udemy Brand Spot Product Focus 1x1 30s,Other,watched,10,"Apr 8, 2026, 7:23:23 AM GMT+05:30"
999,YouTube,OAI FebVideographer India UC1 9x16,AI,watched,10,"Apr 8, 2026, 7:18:03 AM GMT+05:30"
999,YouTube,OAI Task2 IND EN Food 9x16 18s,AI,watched,10,"Apr 8, 2026, 7:09:12 AM GMT+05:30"
999,YouTube,Living on Rs 100 for 24 HOURS Challenge | Amritsar Food Challenge,Other,watched,10,"Apr 7, 2026, 9:45:06 PM GMT+05:30"
999,YouTube,Maggi Veg Atta Noodles | Marathi,Other,watched,10,"Apr 7, 2026, 9:44:56 PM GMT+05:30"
999,YouTube,🇰🇷24 HOURS KOREAN STREET FOOD CHALLENGE in Busan,Other,watched,10,"Apr 7, 2026, 9:32:58 PM GMT+05:30"
999,YouTube,UG Program at Mesa School,Other,watched,10,"Apr 7, 2026, 9:32:49 PM GMT+05:30"
999,YouTube,क्या Priyanka-Nayan की जोड़ी Exact Same Dish बनाने में होगी कामयाब? |MasterChef India S7 | Throwback,Other,watched,10,"Apr 7, 2026, 9:21:34 PM GMT+05:30"
999,YouTube,"Jeere Mein Heera, Rimzim Jeera",Other,watched,10,"Apr 7, 2026, 9:21:26 PM GMT+05:30"
999,YouTube,Range Sum Query Immutable - Leetcode 303 - Python,Technology,watched,10,"Apr 7, 2026, 7:45:17 PM GMT+05:30"
999,YouTube,Google AI Plus,AI,watched,10,"Apr 7, 2026, 7:45:08 PM GMT+05:30"
999,YouTube,Google Cloud: Your one-stop shop for AI and everything cloud,AI,watched,10,"Apr 7, 2026, 6:54:27 PM GMT+05:30"
999,YouTube,CLC-Uploaded-TanyaAppachu-Acrobat-NA-INF-16x9,Other,watched,10,"Apr 7, 2026, 6:37:13 PM GMT+05:30"
999,YouTube,OAI ICC ImageGen UseCase4 1x1 ROMANHINDI,AI,watched,10,"Apr 6, 2026, 11:36:06 PM GMT+05:30"
999,YouTube,Episode 982 - Taarak Mehta Ka Ooltah Chashmah - Full Episode | तारक मेहता का उल्टा चश्मा,Entertainment,watched,10,"Apr 6, 2026, 11:29:00 PM GMT+05:30"
999,YouTube,PARTYWEAR KURTA SETS UNDER BUDGET #SlayitWithFlipkart #shorts #FitcheckwithFlipkart  #Flipkartfinds,Other,watched,10,"Apr 6, 2026, 11:28:48 PM GMT+05:30"
999,YouTube,Episode 981 - Taarak Mehta Ka Ooltah Chashmah - Full Episode | तारक मेहता का उल्टा चश्मा,Entertainment,watched,10,"Apr 6, 2026, 11:16:03 PM GMT+05:30"
999,YouTube,Taarak Mehta Ka Ooltah Chashmah - Episode 530 - Full Episode,Entertainment,watched,10,"Apr 6, 2026, 11:12:57 PM GMT+05:30"
999,YouTube,कौन जीतेगा The Mystery Box Challenge | MasterChef India | Ep 9 | Full Episode,Entertainment,watched,10,"Apr 6, 2026, 11:12:36 PM GMT+05:30"
999,YouTube,8086 Memory Banking | Microprocessor Lectures In Hindi,Education,watched,25,"Apr 6, 2026, 9:54:34 PM GMT+05:30"
999,YouTube,PHYSICAL MEMORY ORGANIZATION OF 8086 MICROPROCESSOR |EVEN MEMORY BANK | ODD MEMORY BANK |JNTUH | ECE,Other,watched,10,"Apr 6, 2026, 9:33:30 PM GMT+05:30"
999,YouTube,Memory Segmentation in 8086 |Microprocessor Lectures in Hindi,Education,watched,25,"Apr 6, 2026, 8:55:28 PM GMT+05:30"
999,YouTube,Memory Segmentation in 8086 Microprocessor Part-1 Explained in Hindi,AI,watched,20,"Apr 6, 2026, 8:55:10 PM GMT+05:30"
999,YouTube,Memory Segmentation in 8086 Microprocessor: Basics and Overview,Other,watched,10,"Apr 6, 2026, 8:44:51 PM GMT+05:30"
999,YouTube,Pasta Toing - Final - 16_9.mp4,Other,watched,10,"Apr 6, 2026, 8:44:45 PM GMT+05:30"
999,YouTube,Godrej Fab Liquid Detergent l 20 sec l Marathi,Other,watched,10,"Apr 6, 2026, 8:38:22 PM GMT+05:30"
999,YouTube,House of McDowell’s Soda | Firsts With Friends | Yaaron Waali Baat | Kartik Aaryan | Hindi,Other,watched,10,"Apr 6, 2026, 8:38:03 PM GMT+05:30"
999,YouTube,क्या Priyanka-Nayan की जोड़ी Exact Same Dish बनाने में होगी कामयाब? |MasterChef India S7 | Throwback,Other,watched,10,"Apr 6, 2026, 8:34:18 PM GMT+05:30"
999,YouTube,SDE | Bosscoder Review- Arushi | DSA Course | Software Engineering Course| System Design Course,Technology,watched,25,"Apr 6, 2026, 8:33:55 PM GMT+05:30"
999,YouTube,Memory Banking in 8086 Microprocessor: Basics and Control Signals,Other,watched,10,"Apr 6, 2026, 8:29:03 PM GMT+05:30"
999,YouTube,Google AI Plus,AI,watched,10,"Apr 6, 2026, 8:28:53 PM GMT+05:30"
999,YouTube,#MemoryOrganization/ Microprocessor 8086 Memory Organization Lecture 6/ Pallavi Chaudhari,Education,watched,25,"Apr 6, 2026, 8:20:11 PM GMT+05:30"
999,YouTube,Join Google One | More storage + backup,Other,watched,10,"Apr 6, 2026, 8:20:03 PM GMT+05:30"
999,YouTube,OAI Task2 IND EN Food 16x9 12s,AI,watched,10,"Apr 6, 2026, 8:19:12 PM GMT+05:30"
999,YouTube,Range Sum Query Immutable - Leetcode 303 - Python,Technology,watched,10,"Apr 6, 2026, 7:00:14 PM GMT+05:30"
999,YouTube,Google Cloud: Your one-stop shop for AI and everything cloud,AI,watched,10,"Apr 6, 2026, 6:59:55 PM GMT+05:30"
999,YouTube,Pressure Test - Who Will Replicate The Masters? | MasterChef India | Ep 10 | Full Episode,Entertainment,watched,10,"Apr 6, 2026, 5:34:39 PM GMT+05:30"
999,YouTube,Upgrade Your Kitchen in Just 10 Minutes!,Other,watched,10,"Apr 6, 2026, 5:34:33 PM GMT+05:30"
999,YouTube,Finally! Get ready with me for a DATE🤭,Other,watched,10,"Apr 6, 2026, 5:34:16 PM GMT+05:30"
999,YouTube,GRWM for his best friend’s wedding! Quick glow up hack #facewash #skincare #shorts,Fashion,watched,10,"Apr 6, 2026, 5:33:23 PM GMT+05:30"
999,YouTube,I Tried Every STREET FOOD Stall In Lucknow To Find The Best 😱😱,Other,watched,10,"Apr 6, 2026, 5:33:08 PM GMT+05:30"
999,YouTube,7 Ps of Marketing Explained | Marketing Mix Concept | Marketing Fundamentals | #3,AI,watched,20,"Apr 6, 2026, 8:23:11 AM GMT+05:30"
999,YouTube,ExcelAI - Video 114 B/W,AI,watched,10,"Apr 6, 2026, 8:23:01 AM GMT+05:30"
999,YouTube,Pressure Test - Who Will Replicate The Masters? | MasterChef India | Ep 10 | Full Episode,Entertainment,watched,10,"Apr 5, 2026, 2:19:33 PM GMT+05:30"
999,YouTube,Shortened: CG HustlrACE 18Sec Video DTA 24012024 1200x628,Other,watched,10,"Apr 5, 2026, 2:19:26 PM GMT+05:30"
999,YouTube,Dining Challenge में होगी किस Team की जीत? | MasterChef India S7 | Countdown To New Season,Other,watched,10,"Apr 5, 2026, 1:50:39 PM GMT+05:30"
999,YouTube,Brand DOVE DESIRE FOR BLINKIT 16x9 01,Other,watched,10,"Apr 5, 2026, 1:50:34 PM GMT+05:30"
999,YouTube,MasterChef का पहला 'Team Service Challenge' जीतेगी कौनसी Team? | MasterChef India | Most Touching,Other,watched,10,"Apr 5, 2026, 1:43:51 PM GMT+05:30"
999,YouTube,2088_BewafaBiwiAurBillionaire_Hindi_2min_HiBg20880053.mp4,AI,watched,10,"Apr 5, 2026, 1:42:02 PM GMT+05:30"
999,YouTube,"Hey Kay Navin? | Trailer Cut | Marathi ZEE5 Original | Priya Bapat, Umesh Kamat | Watch on ZEE5",AI,watched,10,"Apr 5, 2026, 1:42:02 PM GMT+05:30"
999,YouTube,That Two Lover Teachers in School👩‍❤️‍👨 #shorts  #teratrigun #loverteacher #schoollifecomedy,Entertainment,watched,10,"Apr 5, 2026, 1:41:27 PM GMT+05:30"
999,YouTube,POV: Customer Goes On Undercover Boss  #prom #dressess #fashion #formaldress #dress #promdress,Fashion,watched,10,"Apr 5, 2026, 1:41:22 PM GMT+05:30"
999,YouTube,He got so nervous😂 #shorts #couple #relationship,Other,watched,10,"Apr 5, 2026, 1:40:30 PM GMT+05:30"
999,YouTube,😱I don’t look MARRIED? My married woman look went viral! #bridalglow #married,Other,watched,10,"Apr 5, 2026, 1:39:39 PM GMT+05:30"
999,YouTube,Now Serving Customers - कौनसी Team होगी Popular? | MasterChef India | Ep 14 | Full Episode,Entertainment,watched,10,"Apr 5, 2026, 1:05:32 PM GMT+05:30"
999,YouTube,Taarak Mehta Ka Ooltah Chashmah - Episode 232,Entertainment,watched,10,"Apr 5, 2026, 1:05:00 PM GMT+05:30"
999,YouTube,Taarak Mehta Ka Ooltah Chashmah | Throwback | तारक मेहता का उल्टा चशमाह | Full Episode - 231,Entertainment,watched,10,"Apr 5, 2026, 12:50:57 PM GMT+05:30"
999,YouTube,Taarak Mehta Ka Ooltah Chashmah - तारक मेहता का उल्टा चशमाह - Episode 230 - Full Episode,Entertainment,watched,10,"Apr 5, 2026, 12:50:38 PM GMT+05:30"
999,YouTube,Taarak Mehta Ka Ooltah Chashmah - तारक मेहता का उल्टा चशमाह - Episode 229 - Full Episode,Entertainment,watched,10,"Apr 5, 2026, 12:32:45 PM GMT+05:30"
999,YouTube,Taarak Mehta Ka Ooltah Chashmah - तारक मेहता का उल्टा चशमाह - Episode 228 - Full Episode,Entertainment,watched,10,"Apr 5, 2026, 12:20:05 PM GMT+05:30"
999,YouTube,Taarak Mehta Ka Ooltah Chashmah - तारक मेहता का उल्टा चशमाह - Episode 227 - Full Episode,Entertainment,watched,10,"Apr 5, 2026, 12:15:45 PM GMT+05:30"
999,YouTube,House of McDowell’s Soda | Firsts With Friends | Yaaron Waali Baat | Kartik Aaryan | Hindi,Other,watched,10,"Apr 5, 2026, 12:14:42 PM GMT+05:30"
999,YouTube,Me On The FIrst Day Of Salary ! #comedy  #tarakmehta #mumbaiindians #csk #rcb #funny,AI,watched,10,"Apr 5, 2026, 12:14:23 PM GMT+05:30"
999,YouTube,pti_papakathappadxptixpov_nikhil_ipadpov_27feb_faceless_newtopic_m5.3 _newtopic_shivam_pc_hook1,Other,watched,10,"Apr 5, 2026, 12:14:22 PM GMT+05:30"
999,YouTube,ASMR Coffee Making 😱 #shorts,Other,watched,10,"Apr 5, 2026, 12:13:37 PM GMT+05:30"
999,YouTube,aasa kyu kiya aayan🥹😍 #relatable #familydrama #comedy #bhabhibrother #familydrama,Entertainment,watched,10,"Apr 5, 2026, 12:13:31 PM GMT+05:30"
999,YouTube,v7.mp4,Other,watched,10,"Apr 5, 2026, 12:13:24 PM GMT+05:30"
999,YouTube,You Can See Your Soulmate’s Relationship Status #funnyshorts #ytshorts #shorts,Entertainment,watched,10,"Apr 5, 2026, 12:12:28 PM GMT+05:30"
999,YouTube,Pov :- Kanjak Day In 2026,Other,watched,10,"Apr 5, 2026, 12:10:56 PM GMT+05:30"
999,YouTube,Prerna di cried thinking about her past 🥹❤️ @triggeredinsaan #liveinsaan #shorts,Other,watched,10,"Apr 5, 2026, 10:42:13 AM GMT+05:30"
999,YouTube,The bangles are my fav #ytshorts #shortvideo #shorts,Other,watched,10,"Apr 5, 2026, 10:42:06 AM GMT+05:30"
999,YouTube,“Gen-Z Took Leave For What???”,Other,watched,10,"Apr 5, 2026, 10:40:38 AM GMT+05:30"
999,YouTube,When Your Have Short Height Wife😂 #shorts #teratrigun #shortheight,Other,watched,10,"Apr 5, 2026, 10:39:47 AM GMT+05:30"
999,YouTube,POV: She Wasn't Who She Thought She Was  #fashion #formaldress #dressess #promdress #prom #dressmall,Fashion,watched,10,"Apr 5, 2026, 10:38:24 AM GMT+05:30"
999,YouTube,भाई का जलवा मुस्लिम भाई को देखे # shorts #facts,Other,watched,10,"Apr 5, 2026, 10:38:22 AM GMT+05:30"
999,YouTube,Has this happened to you? #promdressideas #promdress #promdresses #promdressshopping #dress,Fashion,watched,10,"Apr 5, 2026, 10:38:10 AM GMT+05:30"
999,YouTube,Kid Influencer BO SSI SNE MID HENG HE DD BGM+AU 9x16,Other,watched,10,"Apr 5, 2026, 10:38:08 AM GMT+05:30"
999,YouTube,Jab principal mam achanak se apki class m aajaye 😳👩‍🏫 #shorts #sejalgabashorts #school #teacher,Other,watched,10,"Apr 5, 2026, 10:36:46 AM GMT+05:30"
999,YouTube,https://www.youtube.com/post/Ugkx26n5aF6Y_YzdQdXBHC4r46muL0eMZZT_,Other,watched,10,"Apr 5, 2026, 10:36:44 AM GMT+05:30"
999,YouTube,Bridal Get unready with me after Shaadi❤️ #shaadi #bride #wedding #bridetobe #weddingvlog,Other,watched,10,"Apr 5, 2026, 10:36:39 AM GMT+05:30"
999,YouTube,🥹Will I wear a BIKINI to my beach trip?👙 #bikinihair #hairremoval #femalehygiene,AI,watched,10,"Apr 5, 2026, 10:36:24 AM GMT+05:30"
999,YouTube,Husband Or Bestie?😂 #couple #bestfriends #bestfriendsforever #husbandwife #funny #comedy #relatable,Entertainment,watched,10,"Apr 5, 2026, 10:35:26 AM GMT+05:30"
999,YouTube,POV: They Fought Over The Wrong Dress  #prom #dressess #dress #fashion #promdresses #dressootd #ootd,Fashion,watched,10,"Apr 5, 2026, 10:35:19 AM GMT+05:30"
999,YouTube,Got a customised kit targeting my root causes. HarshadaAnkitaReaction 9x16_GApp_15/10/2025,Other,watched,10,"Apr 5, 2026, 10:35:15 AM GMT+05:30"
999,YouTube,Ruchika’s dance at the end 😜🎀 @triggeredinsaan #ruchikarathore #triggeredinsaan #malhanfamily,Other,watched,10,"Apr 5, 2026, 10:34:54 AM GMT+05:30"
999,YouTube,Saito09 funny video 😂😂😂 #shorts,AI,watched,10,"Apr 5, 2026, 10:34:51 AM GMT+05:30"
999,YouTube,😭My bridal makeup artist GHOSTED me before my wedding! #mua #bridalmakeup #bride,Fashion,watched,10,"Apr 5, 2026, 10:34:47 AM GMT+05:30"
999,YouTube,All toppings vs. No toppings Pizza Hut Challenge! #foodchallenge #thakursisters,Other,watched,10,"Apr 5, 2026, 10:34:41 AM GMT+05:30"
999,YouTube,How to deal with clients who smell,Other,watched,10,"Apr 5, 2026, 10:33:37 AM GMT+05:30"
999,YouTube,I made her a movie 🍿🎥🥰 #shorts #couple #relationship,Entertainment,watched,10,"Apr 5, 2026, 10:33:33 AM GMT+05:30"
999,YouTube,POV: Beating Your Mom At Her Own Game  #dressess #formaldress #dressootd #fashion #prom #dressmall,Fashion,watched,10,"Apr 5, 2026, 10:32:05 AM GMT+05:30"
999,YouTube,Holi With Short Height Wife😂 #shorts #teratrigun #shortheight,Other,watched,10,"Apr 5, 2026, 10:31:09 AM GMT+05:30"
999,YouTube,How to get rid of excess dandruff,Other,watched,10,"Apr 5, 2026, 8:33:22 AM GMT+05:30"
999,YouTube,Dandruff Hacks with Nizoral #dermdoctor #dandruff #dermatologist #nizoral #sponsored #skincare #Der,Fashion,watched,10,"Apr 5, 2026, 8:33:12 AM GMT+05:30"
999,YouTube,Try this for DANDRUFF! #shorts #dandruff #haircare #hairmasks #hairmask #diyhaircare #recipe,AI,watched,10,"Apr 5, 2026, 8:32:27 AM GMT+05:30"
999,YouTube,Say Goodbye To Dandruff with Lemon and Coconut Oil | Dandruff Remove Remedy #shorts #viral #dandruff,Other,watched,10,"Apr 5, 2026, 8:32:13 AM GMT+05:30"
999,YouTube,Homemade Hair Mask to get rid of dandruff in winters❄️ #winterhaircare #haircare #hairmask #dandruff,AI,watched,10,"Apr 5, 2026, 8:31:56 AM GMT+05:30"
999,YouTube,DJ played the WRONG TRACK My Sangeet Dance at Didi’s Wedding! Part 3/6 #weddingchoreography,Other,watched,10,"Apr 5, 2026, 8:31:44 AM GMT+05:30"
999,YouTube,POV: A Stranger Tries To Steal Your Dress #dressess #fashion #dressootd #promattire #dress,Fashion,watched,10,"Apr 4, 2026, 8:51:09 PM GMT+05:30"
999,YouTube,https://www.youtube.com/post/UgkxumvvybRVxwwbwHYWLc8lqN3NMi03rlBF,Other,watched,10,"Apr 4, 2026, 8:51:02 PM GMT+05:30"
999,YouTube,She did NOT expect such a reaction! 😭🥺 #challenge #funny #familyfun #fun #games,Entertainment,watched,10,"Apr 4, 2026, 8:50:57 PM GMT+05:30"
999,YouTube,"Will you try this? 😂 Bridal Couture from Dapra - 410 Kucha Brijnath, Chandni Chowk, Delhi",Other,watched,10,"Apr 4, 2026, 8:50:44 PM GMT+05:30"
999,YouTube,My Epic First Match #TheKhaasSeat | Kid,Other,watched,10,"Apr 4, 2026, 8:50:10 PM GMT+05:30"
999,YouTube,"""McD style french fries holder bana diya."" 🤯😉🤩 #relatable #trending #shorts",Other,watched,10,"Apr 4, 2026, 11:16:45 AM GMT+05:30"
999,YouTube,Egg Or Tomato 🤔🧠 #dantes #memes #reaction,Other,watched,10,"Apr 4, 2026, 11:16:41 AM GMT+05:30"
999,YouTube,https://www.youtube.com/post/UgkxwGoi3LzFJ16OSFeaIb5Ucpj-Qn0C0aMZ,AI,watched,10,"Apr 4, 2026, 11:16:40 AM GMT+05:30"
999,YouTube,Which dress are you saying no to? #prom #promdress #promdresses #dress #formaldresses,Fashion,watched,10,"Apr 4, 2026, 11:16:25 AM GMT+05:30"
999,YouTube,😱Did I dance on my Haldi event? #haldi #indianwedding #bride2026,Other,watched,10,"Apr 4, 2026, 11:16:25 AM GMT+05:30"
999,YouTube,😂Bride vs Groom in my wedding! Every bride’s struggle #wedding #bride2026 #indianwedding,Other,watched,10,"Apr 4, 2026, 11:16:22 AM GMT+05:30"
999,YouTube,Kitne supportive dost hai 😂,AI,watched,10,"Apr 4, 2026, 11:15:49 AM GMT+05:30"
999,YouTube,https://www.youtube.com/watch?v=AlaO5XmrfNM,Other,watched,10,"Apr 4, 2026, 11:15:47 AM GMT+05:30"
999,YouTube,https://www.youtube.com/watch?v=0Xi4HmGiVYY,Other,watched,10,"Apr 4, 2026, 11:15:46 AM GMT+05:30"
999,YouTube,Their reactions when they figure it out… 😅,Other,watched,10,"Apr 4, 2026, 11:15:44 AM GMT+05:30"
999,YouTube,I CAN’T BELIEVE WE JUST HIT 11M FAMILY MEMBERS! 🥹😭🥰,Other,watched,10,"Apr 4, 2026, 11:15:09 AM GMT+05:30"
999,YouTube,Professional m🤑ney spender #challenge #funny #couplechallenge,Entertainment,watched,10,"Apr 4, 2026, 11:14:45 AM GMT+05:30"
999,YouTube,When The Customer Isn't Always Right #prom #dressess #formaldress #promdress #promdressshopping,Fashion,watched,10,"Apr 4, 2026, 11:13:24 AM GMT+05:30"
999,YouTube,GUESS THE NUMBER CHALLENGE 😱😱,Other,watched,10,"Apr 4, 2026, 11:12:55 AM GMT+05:30"
999,YouTube,Will KFC Fill The Worlds Biggest Bucket?,Other,watched,10,"Apr 4, 2026, 11:12:43 AM GMT+05:30"
999,YouTube,10 Minutes Different Colour Street Food Challenge 😱| Cards Decide My Street Food Challenge #shorts,Other,watched,10,"Apr 4, 2026, 11:12:31 AM GMT+05:30"
999,YouTube,CAN'T BELIEVE THIS FINALLY HAPPENED!! 🥵 #yinrunandluke #poisonsushi #couplechallenge #couple #sushi,Other,watched,10,"Apr 4, 2026, 11:12:06 AM GMT+05:30"
999,YouTube,Saito09 funny video 😂😂😂 #shorts,AI,watched,10,"Apr 4, 2026, 11:11:08 AM GMT+05:30"
999,YouTube,TRYING VIRAL GUAVA PANI PURI RECIPE 😱😱,Other,watched,10,"Apr 4, 2026, 11:10:32 AM GMT+05:30"
999,YouTube,You Can Choose Your Husband #ytshorts #funnyshorts #shorts,Entertainment,watched,10,"Apr 4, 2026, 10:39:20 AM GMT+05:30"
999,YouTube,सबसे महंगा डोसा,Other,watched,10,"Apr 4, 2026, 10:39:18 AM GMT+05:30"
999,YouTube,Summers,Other,watched,10,"Apr 4, 2026, 10:39:14 AM GMT+05:30"
999,YouTube,Random bites challenge 2 #challenge #mukbang #stoneychoi,Other,watched,10,"Apr 4, 2026, 10:39:13 AM GMT+05:30"
999,YouTube,Saito09 funny video 😂😂😂 #shorts,AI,watched,10,"Apr 4, 2026, 10:38:13 AM GMT+05:30"
999,YouTube,"Chồng ăn trộm bánh bao, tôi trả thù hắn ta nghiêm khắc",Other,watched,10,"Apr 4, 2026, 10:37:30 AM GMT+05:30"
999,YouTube,Bache mann ke sache 🤦🏻‍♀️ #rjkarishma #shorts,Other,watched,10,"Apr 4, 2026, 10:37:21 AM GMT+05:30"
999,YouTube,https://www.youtube.com/post/UgkxHrH1T_81ErltgVD4YK-ARpbreiMRU7xV,Other,watched,10,"Apr 4, 2026, 10:37:20 AM GMT+05:30"
999,YouTube,Everything You Draw Comes to Life #funnyshorts #ytshorts #shorts,Entertainment,watched,10,"Apr 4, 2026, 10:36:27 AM GMT+05:30"
101,Shopping,Laptop Stand,Technology,Viewed,5,2026-04-18 12:30
101,Shopping,Wireless Mouse,Technology,Purchased,10,2026-04-18 13:00
102,Shopping,Yoga Mat,Fitness,Purchased,10,2026-04-18 14:00
102,Shopping,Protein Powder,Fitness,Viewed,5,2026-04-18 15:00
103,Shopping,Dress,Fashion,Viewed,5,2026-04-18 16:00
103,Shopping,Lipstick,Fashion,Purchased,10,2026-04-18 17:00
101,Learning,Python for Beginners,Data Science,in_progress,45,2026-04-18 18:00
101,Learning,Machine Learning Basics,AI,completed,80,2026-04-18 19:00
102,Learning,Fitness Training,Fitness,completed,70,2026-04-18 20:00
102,Learning,Yoga Basics,Fitness,in_progress,40,2026-04-18 21:00
103,Learning,Fashion Styling,Fashion,completed,50,2026-04-18 22:00
103,Learning,Makeup Basics,Fashion,in_progress,25,2026-04-18 23:00
